{"cameraMode":{"drawMode":0,"name":"Shaded","section":"Shading Mode"},"sceneLighting":true,"audioPlay":false,"sceneViewState":{"showFog":true,"showMaterialUpdate":false,"showSkybox":true,"showFlares":true,"showImageEffects":true,"showParticleSystems":true},"in2DMode":false,"pivot":{"x":2.702130079269409,"y":2.885119915008545,"z":4.3518218994140629},"rotation":{"x":0.28527429699897768,"y":0.036465320736169818,"z":-0.010785479098558426,"w":0.9577259421348572},"size":0.0790722593665123,"orthographic":false}