{"cameraMode":{"drawMode":0,"name":"Shaded","section":"Shading Mode"},"sceneLighting":false,"audioPlay":false,"sceneViewState":{"showFog":true,"showMaterialUpdate":false,"showSkybox":false,"showFlares":true,"showImageEffects":true,"showParticleSystems":true},"in2DMode":false,"pivot":{"x":4.532302379608154,"y":1.6442549228668213,"z":6.560455799102783},"rotation":{"x":-0.015909738838672639,"y":-0.970797061920166,"z":0.22986114025115968,"w":-0.0671255961060524},"size":0.07907232642173767,"orthographic":false}