{"cameraMode":{"drawMode":0,"name":"Shaded","section":"Shading Mode"},"sceneLighting":false,"audioPlay":false,"sceneViewState":{"showFog":true,"showMaterialUpdate":false,"showSkybox":false,"showFlares":true,"showImageEffects":true,"showParticleSystems":true},"in2DMode":false,"pivot":{"x":4.473499774932861,"y":1.4383000135421754,"z":6.142000198364258},"rotation":{"x":-0.00518052326515317,"y":0.9888114929199219,"z":-0.14489386975765229,"w":-0.035859834402799609},"size":0.07907232642173767,"orthographic":false}