{"cameraMode":{"drawMode":0,"name":"Shaded","section":"Shading Mode"},"sceneLighting":true,"audioPlay":false,"sceneViewState":{"m_AlwaysRefresh":false,"showFog":true,"showSkybox":true,"showFlares":true,"showImageEffects":true,"showParticleSystems":true,"showVisualEffectGraphs":true,"m_FxEnabled":true},"in2DMode":false,"pivot":{"x":-0.06664794683456421,"y":2.9176573753356935,"z":-1.6625134944915772},"rotation":{"x":0.14640167355537415,"y":-0.07164958864450455,"z":0.01058706920593977,"w":0.9865972995758057},"size":1.2940342426300049,"orthographic":false}