{"cameraMode":{"drawMode":0,"name":"Shaded","section":"Shading Mode"},"sceneLighting":false,"audioPlay":false,"sceneViewState":{"m_AlwaysRefresh":false,"showFog":true,"showSkybox":false,"showFlares":true,"showImageEffects":true,"showParticleSystems":true,"showVisualEffectGraphs":true,"m_FxEnabled":true},"in2DMode":false,"pivot":{"x":-0.12213177978992462,"y":-0.08045993000268936,"z":0.08297976851463318},"rotation":{"x":0.05076141282916069,"y":-0.9362964630126953,"z":0.1518653780221939,"w":0.31267091631889346},"size":0.19277280569076539,"orthographic":false}