{"cameraMode":{"drawMode":0,"name":"Shaded","section":"Shading Mode"},"sceneLighting":false,"audioPlay":false,"sceneViewState":{"showFog":true,"showMaterialUpdate":false,"showSkybox":false,"showFlares":true,"showImageEffects":true,"showParticleSystems":true},"in2DMode":false,"pivot":{"x":-0.000018611550331115723,"y":0.0007711648941040039,"z":0.0046118153259158138},"rotation":{"x":-0.1769169121980667,"y":0.721832275390625,"z":-0.20001302659511567,"w":-0.6384785771369934},"size":0.19277280569076539,"orthographic":false}